IDx,IDy,Posix,Posiy,accuracy
0,0,-0.8093916574936522,-0.9050791585147206,
0,1,-0.808,-0.892,
0,2,-0.806,-0.868,
0,3,-0.804,-0.85,
0,4,-0.8,-0.8260000000000001,
0,5,-0.796,-0.792,
0,6,-0.796,-0.764,
0,7,-0.792,-0.73,
0,8,-0.792,-0.692,
0,9,-0.79,-0.656,
0,10,-0.79,-0.614,
0,11,-0.788,-0.5640000000000001,
0,12,-0.788,-0.524,
0,13,-0.7874469045600971,-0.4812936018634476,
0,14,-0.7856481543196419,-0.4309285951306987,
0,15,-0.7860079043677329,-0.3859598391193157,
0,16,-0.7852884042715508,-0.3248023309438348,
0,17,-0.7849286542234597,-0.27227882392253955,
0,18,-0.7842091541272775,-0.21975531690124422,
0,19,-0.7838494040791865,-0.15931730882194556,
0,20,-0.7834896540310954,-0.10463530151210385,
0,21,-0.7809714036944579,-0.05930679545262982,
0,22,-0.7838494040791866,0.0054482132037616815,
0,23,-0.7878066546081883,0.06876422166778892,
0,24,-0.7870871545120062,0.11049522724635234,
0,25,-0.7881664046562794,0.1676954848928315,
0,26,-0.7888859047524616,0.22057874196221788,
0,27,-0.790684654992917,0.26878524840642043,
0,28,-0.7914041550890991,0.3259855060528996,
0,29,-0.7932029053295545,0.38246626360319663,
0,30,-0.7917639051371902,0.42311801903748686,
0,31,-0.7931143531792881,0.48058272895935233,
0,32,-0.7934727610052285,0.5282509698094114,
0,33,-0.794,0.5680000000000001,
0,34,-0.7956232079608703,0.6182113341204252,
0,35,-0.7963400236127509,0.6572777871479172,
0,36,-0.798,0.694,
0,37,-0.798,0.734,
0,38,-0.802,0.768,
0,39,-0.804,0.794,
0,40,-0.808,0.8260000000000001,
0,41,-0.808,0.8480000000000001,
0,42,-0.81,0.8680000000000001,
0,43,-0.812,0.8919999999999999,
0,44,-0.8136224387782307,0.9041954288380243,
1,0,-0.7892456548005525,-0.9050791585147206,
1,1,-0.79,-0.892,
1,2,-0.786,-0.87,
1,3,-0.784,-0.85,
1,4,-0.78,-0.8260000000000001,
1,5,-0.778,-0.792,
1,6,-0.776,-0.762,
1,7,-0.776,-0.732,
1,8,-0.772,-0.688,
1,9,-0.772,-0.654,
1,10,-0.772,-0.612,
1,11,-0.77,-0.5660000000000001,
1,12,-0.77,-0.528,
1,13,-0.77,-0.482,
1,14,-0.768,-0.43,
1,15,-0.77,-0.386,
1,16,-0.766,-0.3239999999999999,
1,17,-0.768,-0.272,
1,18,-0.77,-0.2199999999999999,
1,19,-0.772,-0.16,
1,20,-0.7655021516265422,-0.10463530151210386,
1,21,-0.7622644011937226,-0.05894704540453874,
1,22,-0.7655021516265423,0.005807963251852746,
1,23,-0.768,0.07,
1,24,-0.772,0.1100000000000001,
1,25,-0.77,0.1679999999999999,
1,26,-0.772,0.2199999999999999,
1,27,-0.772,0.27,
1,28,-0.772,0.326,
1,29,-0.774,0.3819999999999999,
1,30,-0.774,0.4219999999999999,
1,31,-0.776,0.48,
1,32,-0.776,0.528,
1,33,-0.776,0.5700000000000001,
1,34,-0.778,0.6200000000000001,
1,35,-0.78,0.6579999999999999,
1,36,-0.782,0.694,
1,37,-0.784,0.736,
1,38,-0.7863007959782153,0.7683703393380815,
1,39,-0.788,0.796,
1,40,-0.79,0.8280000000000001,
1,41,-0.792,0.8500000000000001,
1,42,-0.794,0.8700000000000001,
1,43,-0.795309108047378,0.892135430551853,
1,44,-0.7966491078569526,0.9041954288380243,
2,0,-0.764,-0.904,
2,1,-0.7604656509532675,-0.8924879068315335,
2,2,-0.758,-0.868,
2,3,-0.756,-0.852,
2,4,-0.754,-0.8260000000000001,
2,5,-0.752,-0.796,
2,6,-0.75,-0.762,
2,7,-0.748,-0.734,
2,8,-0.746,-0.69,
2,9,-0.742,-0.654,
2,10,-0.744,-0.614,
2,11,-0.742,-0.5640000000000001,
2,12,-0.742,-0.528,
2,13,-0.74,-0.476,
2,14,-0.738,-0.43,
2,15,-0.742,-0.386,
2,16,-0.744,-0.3259999999999999,
2,17,-0.744,-0.272,
2,18,-0.744,-0.2199999999999999,
2,19,-0.742,-0.158,
2,20,-0.742,-0.1039999999999999,
2,21,-0.742,-0.058,
2,22,-0.74,0.006,
2,23,-0.746,0.068,
2,24,-0.744,0.1100000000000001,
2,25,-0.744,0.1639999999999999,
2,26,-0.746,0.2199999999999999,
2,27,-0.744,0.268,
2,28,-0.746,0.328,
2,29,-0.746,0.3839999999999999,
2,30,-0.746,0.4239999999999999,
2,31,-0.746,0.484,
2,32,-0.746,0.524,
2,33,-0.748,0.5680000000000001,
2,34,-0.75,0.6200000000000001,
2,35,-0.752,0.6579999999999999,
2,36,-0.754,0.696,
2,37,-0.754,0.734,
2,38,-0.756,0.766,
2,39,-0.758,0.792,
2,40,-0.762,0.8260000000000001,
2,41,-0.764,0.8500000000000001,
2,42,-0.766,0.8700000000000001,
2,43,-0.7671691120463117,0.8930287637582361,
2,44,-0.7694024450622693,0.905535428647599,
3,0,-0.7392403981158946,-0.9072376588032671,
3,1,-0.7381611479716215,-0.8935671569758067,
3,2,-0.736,-0.87,
3,3,-0.734,-0.852,
3,4,-0.732,-0.8280000000000001,
3,5,-0.726,-0.792,
3,6,-0.726,-0.762,
3,7,-0.724,-0.734,
3,8,-0.722,-0.69,
3,9,-0.718,-0.654,
3,10,-0.718,-0.616,
3,11,-0.716,-0.5640000000000001,
3,12,-0.718,-0.53,
3,13,-0.716,-0.474,
3,14,-0.716,-0.43,
3,15,-0.714,-0.39,
3,16,-0.714,-0.3259999999999999,
3,17,-0.714,-0.268,
3,18,-0.714,-0.2219999999999999,
3,19,-0.714,-0.16,
3,20,-0.716,-0.1039999999999999,
3,21,-0.716,-0.056,
3,22,-0.714,0.008,
3,23,-0.716,0.066,
3,24,-0.716,0.1080000000000001,
3,25,-0.716,0.1659999999999999,
3,26,-0.718,0.2219999999999999,
3,27,-0.716,0.268,
3,28,-0.72,0.326,
3,29,-0.72,0.3819999999999999,
3,30,-0.718,0.4259999999999999,
3,31,-0.72,0.478,
3,32,-0.722,0.526,
3,33,-0.722,0.5680000000000001,
3,34,-0.724,0.6180000000000001,
3,35,-0.726,0.6579999999999999,
3,36,-0.726,0.694,
3,37,-0.73,0.734,
3,38,-0.732,0.77,
3,39,-0.734,0.792,
3,40,-0.736,0.8260000000000001,
3,41,-0.738,0.8500000000000001,
3,42,-0.742,0.8700000000000001,
3,43,-0.7434957820771606,0.8930287637582361,
3,44,-0.7443891152835436,0.9050887620444075,
4,0,-0.714,-0.908,
4,1,-0.7108201443167006,-0.8942866570719887,
4,2,-0.708,-0.868,
4,3,-0.706,-0.85,
4,4,-0.704,-0.8280000000000001,
4,5,-0.7,-0.796,
4,6,-0.696,-0.764,
4,7,-0.694,-0.736,
4,8,-0.692,-0.69,
4,9,-0.692,-0.654,
4,10,-0.69,-0.614,
4,11,-0.6859999999999999,-0.562,
4,12,-0.6859999999999999,-0.528,
4,13,-0.688,-0.478,
4,14,-0.6859999999999999,-0.424,
4,15,-0.6839999999999999,-0.384,
4,16,-0.6859999999999999,-0.3299999999999999,
4,17,-0.6839999999999999,-0.272,
4,18,-0.6839999999999999,-0.2179999999999999,
4,19,-0.6839999999999999,-0.162,
4,20,-0.6859999999999999,-0.1059999999999999,
4,21,-0.688,-0.056,
4,22,-0.69,0.008,
4,23,-0.69,0.066,
4,24,-0.69,0.1100000000000001,
4,25,-0.69,0.1619999999999999,
4,26,-0.69,0.2219999999999999,
4,27,-0.69,0.268,
4,28,-0.69,0.324,
4,29,-0.692,0.3819999999999999,
4,30,-0.692,0.4279999999999999,
4,31,-0.692,0.482,
4,32,-0.692,0.528,
4,33,-0.692,0.5660000000000001,
4,34,-0.696,0.6180000000000001,
4,35,-0.7,0.6579999999999999,
4,36,-0.7,0.696,
4,37,-0.702,0.734,
4,38,-0.706,0.768,
4,39,-0.706,0.792,
4,40,-0.71,0.8260000000000001,
4,41,-0.714,0.8500000000000001,
4,42,-0.716,0.8720000000000001,
4,43,-0.7162491192824773,0.892135430551853,
4,44,-0.7180357856952434,0.9050887620444075,
5,0,-0.6770036397961406,-0.9079571588994492,
5,1,-0.6759243896518674,-0.8946464071200798,
5,2,-0.6719999999999999,-0.87,
5,3,-0.6699999999999999,-0.85,
5,4,-0.6699999999999999,-0.83,
5,5,-0.6659999999999999,-0.796,
5,6,-0.6619999999999999,-0.764,
5,7,-0.6619999999999999,-0.738,
5,8,-0.6579999999999999,-0.692,
5,9,-0.6579999999999999,-0.6599999999999999,
5,10,-0.6579999999999999,-0.614,
5,11,-0.656,-0.5640000000000001,
5,12,-0.656,-0.53,
5,13,-0.654,-0.478,
5,14,-0.6579999999999999,-0.428,
5,15,-0.656,-0.386,
5,16,-0.654,-0.3239999999999999,
5,17,-0.654,-0.276,
5,18,-0.652,-0.2199999999999999,
5,19,-0.652,-0.168,
5,20,-0.654,-0.1079999999999999,
5,21,-0.656,-0.058,
5,22,-0.654,0.01,
5,23,-0.654,0.062,
5,24,-0.654,0.1080000000000001,
5,25,-0.656,0.1599999999999999,
5,26,-0.6579999999999999,0.2239999999999999,
5,27,-0.656,0.27,
5,28,-0.656,0.326,
5,29,-0.6579999999999999,0.3819999999999999,
5,30,-0.656,0.4259999999999999,
5,31,-0.6579999999999999,0.482,
5,32,-0.6579999999999999,0.526,
5,33,-0.6599999999999999,0.5700000000000001,
5,34,-0.6619999999999999,0.6160000000000001,
5,35,-0.6639999999999999,0.6539999999999999,
5,36,-0.6659999999999999,0.694,
5,37,-0.6679999999999999,0.732,
5,38,-0.6699999999999999,0.766,
5,39,-0.6719999999999999,0.792,
5,40,-0.6759999999999999,0.8260000000000001,
5,41,-0.6799999999999999,0.8500000000000001,
5,42,-0.6799999999999999,0.8700000000000001,
5,43,-0.6827491240431125,0.892135430551853,
5,44,-0.6839999999999999,0.904,
6,0,-0.6471443858045823,-0.9075974088513581,
6,1,-0.644985885516036,-0.8942866570719887,
6,2,-0.644,-0.87,
6,3,-0.642,-0.852,
6,4,-0.638,-0.8260000000000001,
6,5,-0.636,-0.794,
6,6,-0.634,-0.766,
6,7,-0.632,-0.736,
6,8,-0.626,-0.692,
6,9,-0.628,-0.654,
6,10,-0.626,-0.616,
6,11,-0.626,-0.5660000000000001,
6,12,-0.624,-0.526,
6,13,-0.624,-0.48,
6,14,-0.624,-0.426,
6,15,-0.622,-0.384,
6,16,-0.622,-0.3259999999999999,
6,17,-0.622,-0.272,
6,18,-0.624,-0.2219999999999999,
6,19,-0.624,-0.164,
6,20,-0.624,-0.1059999999999999,
6,21,-0.622,-0.058,
6,22,-0.624,0.01,
6,23,-0.624,0.064,
6,24,-0.624,0.1080000000000001,
6,25,-0.624,0.1639999999999999,
6,26,-0.624,0.2219999999999999,
6,27,-0.624,0.268,
6,28,-0.624,0.326,
6,29,-0.626,0.3799999999999999,
6,30,-0.626,0.4259999999999999,
6,31,-0.628,0.482,
6,32,-0.63,0.53,
6,33,-0.63,0.5660000000000001,
6,34,-0.632,0.6140000000000001,
6,35,-0.634,0.6619999999999999,
6,36,-0.636,0.694,
6,37,-0.64,0.732,
6,38,-0.642,0.766,
6,39,-0.642,0.792,
6,40,-0.646,0.8240000000000001,
6,41,-0.648,0.8480000000000001,
6,42,-0.652,0.8700000000000001,
6,43,-0.65282246162928,0.8934754303614276,
6,44,-0.6537157948356631,0.9050887620444075,
7,0,-0.6147668814763867,-0.9083169089475402,
7,1,-0.6129681312359314,-0.8942866570719887,
7,2,-0.612,-0.872,
7,3,-0.608,-0.85,
7,4,-0.606,-0.8260000000000001,
7,5,-0.604,-0.796,
7,6,-0.602,-0.768,
7,7,-0.6,-0.736,
7,8,-0.598,-0.696,
7,9,-0.594,-0.656,
7,10,-0.5920000000000001,-0.616,
7,11,-0.5900000000000001,-0.562,
7,12,-0.5880000000000001,-0.524,
7,13,-0.5880000000000001,-0.482,
7,14,-0.5860000000000001,-0.428,
7,15,-0.5860000000000001,-0.386,
7,16,-0.5880000000000001,-0.3259999999999999,
7,17,-0.5860000000000001,-0.272,
7,18,-0.5900000000000001,-0.2219999999999999,
7,19,-0.5900000000000001,-0.166,
7,20,-0.5900000000000001,-0.1059999999999999,
7,21,-0.5900000000000001,-0.06,
7,22,-0.5920000000000001,0.006,
7,23,-0.5920000000000001,0.064,
7,24,-0.5920000000000001,0.1080000000000001,
7,25,-0.594,0.1639999999999999,
7,26,-0.594,0.2239999999999999,
7,27,-0.594,0.27,
7,28,-0.594,0.326,
7,29,-0.594,0.3799999999999999,
7,30,-0.594,0.4259999999999999,
7,31,-0.596,0.48,
7,32,-0.596,0.528,
7,33,-0.598,0.5640000000000001,
7,34,-0.6,0.6200000000000001,
7,35,-0.602,0.6599999999999999,
7,36,-0.602,0.692,
7,37,-0.606,0.732,
7,38,-0.606,0.766,
7,39,-0.61,0.792,
7,40,-0.614,0.8260000000000001,
7,41,-0.618,0.8500000000000001,
7,42,-0.62,0.8720000000000001,
7,43,-0.6202157995962984,0.8943687635678107,
7,44,-0.6211091328026814,0.905535428647599,
8,0,-0.5744748760901875,-0.9057986586109028,
8,1,-0.5748346261382786,-0.895365907216262,
8,2,-0.5720000000000001,-0.87,
8,3,-0.5700000000000001,-0.85,
8,4,-0.5680000000000001,-0.8280000000000001,
8,5,-0.5640000000000001,-0.796,
8,6,-0.562,-0.768,
8,7,-0.56,-0.736,
8,8,-0.556,-0.696,
8,9,-0.556,-0.654,
8,10,-0.552,-0.618,
8,11,-0.554,-0.5640000000000001,
8,12,-0.554,-0.526,
8,13,-0.554,-0.484,
8,14,-0.552,-0.424,
8,15,-0.554,-0.382,
8,16,-0.554,-0.3299999999999999,
8,17,-0.554,-0.274,
8,18,-0.552,-0.2259999999999999,
8,19,-0.552,-0.164,
8,20,-0.552,-0.1059999999999999,
8,21,-0.554,-0.058,
8,22,-0.554,0.004,
8,23,-0.556,0.066,
8,24,-0.556,0.1060000000000001,
8,25,-0.556,0.1659999999999999,
8,26,-0.556,0.2239999999999999,
8,27,-0.554,0.27,
8,28,-0.554,0.326,
8,29,-0.554,0.3779999999999999,
8,30,-0.554,0.4259999999999999,
8,31,-0.556,0.478,
8,32,-0.556,0.528,
8,33,-0.558,0.5660000000000001,
8,34,-0.562,0.6140000000000001,
8,35,-0.562,0.6599999999999999,
8,36,-0.5640000000000001,0.692,
8,37,-0.5660000000000001,0.732,
8,38,-0.5700000000000001,0.768,
8,39,-0.5720000000000001,0.796,
8,40,-0.5740000000000001,0.8260000000000001,
8,41,-0.5760000000000001,0.8480000000000001,
8,42,-0.5800000000000001,0.8720000000000001,
8,43,-0.5823389273064599,0.8929151205936924,
8,44,-0.5831424715314013,0.9046420954412159,
9,0,-0.543176621906265,-0.907237658803267,
9,1,-0.543536371954356,-0.8950061571681709,
9,2,-0.54,-0.872,
9,3,-0.538,-0.85,
9,4,-0.536,-0.83,
9,5,-0.534,-0.796,
9,6,-0.53,-0.768,
9,7,-0.528,-0.738,
9,8,-0.522,-0.694,
9,9,-0.52,-0.656,
9,10,-0.522,-0.616,
9,11,-0.522,-0.5660000000000001,
9,12,-0.522,-0.53,
9,13,-0.52,-0.48,
9,14,-0.522,-0.43,
9,15,-0.52,-0.38,
9,16,-0.52,-0.3279999999999999,
9,17,-0.52,-0.272,
9,18,-0.516,-0.2239999999999999,
9,19,-0.518,-0.168,
9,20,-0.52,-0.1079999999999999,
9,21,-0.522,-0.056,
9,22,-0.522,0.002,
9,23,-0.52,0.064,
9,24,-0.52,0.1080000000000001,
9,25,-0.522,0.1659999999999999,
9,26,-0.522,0.2259999999999999,
9,27,-0.522,0.27,
9,28,-0.522,0.33,
9,29,-0.518,0.3799999999999999,
9,30,-0.518,0.4259999999999999,
9,31,-0.52,0.476,
9,32,-0.524,0.53,
9,33,-0.528,0.5680000000000001,
9,34,-0.53,0.6160000000000001,
9,35,-0.532,0.6599999999999999,
9,36,-0.534,0.692,
9,37,-0.536,0.732,
9,38,-0.538,0.766,
9,39,-0.542,0.792,
9,40,-0.542,0.8240000000000001,
9,41,-0.546,0.8500000000000001,
9,42,-0.548,0.8700000000000001,
9,43,-0.548817254174397,0.8926357733175918,
9,44,-0.5496552960026986,0.9049270534660149,
10,0,-0.5064821170009765,-0.9079571588994493,
10,1,-0.5050431168086121,-0.895725657264353,
10,2,-0.502,-0.87,
10,3,-0.5,-0.85,
10,4,-0.498,-0.8280000000000001,
10,5,-0.494,-0.796,
10,6,-0.492,-0.768,
10,7,-0.49,-0.734,
10,8,-0.488,-0.698,
10,9,-0.488,-0.6599999999999999,
10,10,-0.488,-0.616,
10,11,-0.484,-0.5700000000000001,
10,12,-0.486,-0.53,
10,13,-0.484,-0.48,
10,14,-0.482,-0.43,
10,15,-0.482,-0.38,
10,16,-0.482,-0.3299999999999999,
10,17,-0.484,-0.266,
10,18,-0.484,-0.2239999999999999,
10,19,-0.482,-0.166,
10,20,-0.486,-0.1099999999999999,
10,21,-0.48,-0.058,
10,22,-0.482,0.002,
10,23,-0.482,0.064,
10,24,-0.484,0.104,
10,25,-0.486,0.1659999999999999,
10,26,-0.486,0.2259999999999999,
10,27,-0.486,0.272,
10,28,-0.486,0.33,
10,29,-0.486,0.3839999999999999,
10,30,-0.486,0.4279999999999999,
10,31,-0.486,0.478,
10,32,-0.486,0.528,
10,33,-0.488,0.5660000000000001,
10,34,-0.492,0.6220000000000001,
10,35,-0.494,0.6559999999999999,
10,36,-0.498,0.692,
10,37,-0.5,0.734,
10,38,-0.5,0.762,
10,39,-0.502,0.792,
10,40,-0.506,0.8260000000000001,
10,41,-0.508,0.8500000000000001,
10,42,-0.512,0.8700000000000001,
10,43,-0.5141781919379322,0.8929151205936924,
10,44,-0.5155749283184348,0.906603137122618,
11,0,-0.46511086147050407,-0.9061584086589939,
11,1,-0.4643913613743219,-0.8968049074086263,
11,2,-0.4619999999999999,-0.87,
11,3,-0.4599999999999999,-0.85,
11,4,-0.4579999999999999,-0.8280000000000001,
11,5,-0.4539999999999999,-0.796,
11,6,-0.4499999999999999,-0.764,
11,7,-0.4479999999999999,-0.732,
11,8,-0.4459999999999999,-0.696,
11,9,-0.4459999999999999,-0.6599999999999999,
11,10,-0.4439999999999999,-0.618,
11,11,-0.4439999999999999,-0.5700000000000001,
11,12,-0.4439999999999999,-0.53,
11,13,-0.4439999999999999,-0.482,
11,14,-0.4419999999999999,-0.428,
11,15,-0.4419999999999999,-0.384,
11,16,-0.4439999999999999,-0.3319999999999999,
11,17,-0.4439999999999999,-0.274,
11,18,-0.4419999999999999,-0.2219999999999999,
11,19,-0.4439999999999999,-0.168,
11,20,-0.4419999999999999,-0.1079999999999999,
11,21,-0.4419999999999999,-0.056,
11,22,-0.4439999999999999,0.002,
11,23,-0.4439999999999999,0.064,
11,24,-0.4439999999999999,0.1060000000000001,
11,25,-0.4439999999999999,0.1679999999999999,
11,26,-0.4439999999999999,0.2239999999999999,
11,27,-0.4439999999999999,0.27,
11,28,-0.4439999999999999,0.3320000000000001,
11,29,-0.4479999999999999,0.3839999999999999,
11,30,-0.4479999999999999,0.4259999999999999,
11,31,-0.4479999999999999,0.476,
11,32,-0.4459999999999999,0.53,
11,33,-0.4459999999999999,0.5700000000000001,
11,34,-0.4459999999999999,0.6120000000000001,
11,35,-0.4519999999999999,0.6539999999999999,
11,36,-0.4539999999999999,0.692,
11,37,-0.4579999999999999,0.734,
11,38,-0.4599999999999999,0.766,
11,39,-0.4619999999999999,0.792,
11,40,-0.4679999999999999,0.8260000000000001,
11,41,-0.4679999999999999,0.8480000000000001,
11,42,-0.47,0.8700000000000001,
11,43,-0.4703279925962961,0.8929161667374275,
11,44,-0.47115871141845167,0.9046477061899143,
12,0,-0.4302151068056709,-0.906518158707085,
12,1,-0.4294956067094887,-0.8935671569758067,
12,2,-0.43,-0.872,
12,3,-0.426,-0.85,
12,4,-0.424,-0.83,
12,5,-0.418,-0.792,
12,6,-0.416,-0.766,
12,7,-0.41,-0.734,
12,8,-0.412,-0.696,
12,9,-0.412,-0.6599999999999999,
12,10,-0.41,-0.618,
12,11,-0.41,-0.5720000000000001,
12,12,-0.41,-0.53,
12,13,-0.41,-0.482,
12,14,-0.41,-0.43,
12,15,-0.408,-0.386,
12,16,-0.406,-0.3259999999999999,
12,17,-0.406,-0.272,
12,18,-0.408,-0.2279999999999999,
12,19,-0.406,-0.162,
12,20,-0.408,-0.1099999999999999,
12,21,-0.408,-0.056,
12,22,-0.408,0.002,
12,23,-0.41,0.06,
12,24,-0.408,0.1060000000000001,
12,25,-0.41,0.1679999999999999,
12,26,-0.408,0.2239999999999999,
12,27,-0.41,0.268,
12,28,-0.41,0.33,
12,29,-0.412,0.3799999999999999,
12,30,-0.416,0.4279999999999999,
12,31,-0.414,0.48,
12,32,-0.414,0.528,
12,33,-0.416,0.5700000000000001,
12,34,-0.414,0.6140000000000001,
12,35,-0.418,0.6559999999999999,
12,36,-0.42,0.69,
12,37,-0.422,0.734,
12,38,-0.426,0.768,
12,39,-0.428,0.792,
12,40,-0.432,0.8260000000000001,
12,41,-0.434,0.8480000000000001,
12,42,-0.436,0.8680000000000001,
12,43,-0.43724156905568556,0.8931965601572631,
12,44,-0.4379163855624894,0.9060444425704169,
13,0,-0.3870451010347432,-0.9065181587070849,
13,1,-0.3863256009385611,-0.8942866570719886,
13,2,-0.386,-0.872,
13,3,-0.384,-0.85,
13,4,-0.38,-0.8260000000000001,
13,5,-0.376,-0.792,
13,6,-0.374,-0.766,
13,7,-0.374,-0.734,
13,8,-0.372,-0.698,
13,9,-0.372,-0.6599999999999999,
13,10,-0.37,-0.62,
13,11,-0.368,-0.5720000000000001,
13,12,-0.368,-0.526,
13,13,-0.368,-0.482,
13,14,-0.366,-0.426,
13,15,-0.368,-0.384,
13,16,-0.368,-0.3279999999999999,
13,17,-0.364,-0.272,
13,18,-0.368,-0.2259999999999999,
13,19,-0.37,-0.166,
13,20,-0.37,-0.1079999999999999,
13,21,-0.372,-0.058,
13,22,-0.374,0.0,
13,23,-0.374,0.062,
13,24,-0.372,0.1060000000000001,
13,25,-0.372,0.1679999999999999,
13,26,-0.374,0.2219999999999999,
13,27,-0.374,0.27,
13,28,-0.376,0.3320000000000001,
13,29,-0.376,0.3799999999999999,
13,30,-0.376,0.4259999999999999,
13,31,-0.376,0.478,
13,32,-0.378,0.534,
13,33,-0.378,0.5680000000000001,
13,34,-0.38,0.6180000000000001,
13,35,-0.378,0.6559999999999999,
13,36,-0.378,0.694,
13,37,-0.382,0.736,
13,38,-0.384,0.762,
13,39,-0.388,0.79,
13,40,-0.392,0.8240000000000001,
13,41,-0.392,0.8460000000000001,
13,42,-0.396,0.8720000000000001,
13,43,-0.396304129759676,0.8943181338366059,
13,44,-0.39798649027869004,0.9066554443093758,
14,0,-0.3399178447348139,-0.9054389085628116,
14,1,-0.3399178447348139,-0.8932074069277155,
14,2,-0.3399999999999999,-0.872,
14,3,-0.3379999999999999,-0.85,
14,4,-0.3359999999999999,-0.8260000000000001,
14,5,-0.3319999999999999,-0.794,
14,6,-0.3319999999999999,-0.766,
14,7,-0.3339999999999999,-0.734,
14,8,-0.3299999999999999,-0.694,
14,9,-0.3319999999999999,-0.6599999999999999,
14,10,-0.3319999999999999,-0.616,
14,11,-0.3299999999999999,-0.5780000000000001,
14,12,-0.3279999999999999,-0.528,
14,13,-0.3279999999999999,-0.484,
14,14,-0.3259999999999999,-0.424,
14,15,-0.3279999999999999,-0.386,
14,16,-0.3259999999999999,-0.3279999999999999,
14,17,-0.3279999999999999,-0.272,
14,18,-0.3279999999999999,-0.2299999999999999,
14,19,-0.3279999999999999,-0.17,
14,20,-0.3279999999999999,-0.1079999999999999,
14,21,-0.3299999999999999,-0.062,
14,22,-0.3299999999999999,0.002,
14,23,-0.3299999999999999,0.066,
14,24,-0.3299999999999999,0.1060000000000001,
14,25,-0.3319999999999999,0.1639999999999999,
14,26,-0.3339999999999999,0.2199999999999999,
14,27,-0.3319999999999999,0.266,
14,28,-0.3299999999999999,0.33,
14,29,-0.3319999999999999,0.3799999999999999,
14,30,-0.3339999999999999,0.4239999999999999,
14,31,-0.3339999999999999,0.482,
14,32,-0.3379999999999999,0.532,
14,33,-0.3339999999999999,0.5680000000000001,
14,34,-0.3359999999999999,0.6160000000000001,
14,35,-0.3359999999999999,0.6599999999999999,
14,36,-0.3379999999999999,0.692,
14,37,-0.3399999999999999,0.73,
14,38,-0.344,0.764,
14,39,-0.344,0.79,
14,40,-0.346,0.8240000000000001,
14,41,-0.35,0.8500000000000001,
14,42,-0.352,0.8720000000000001,
14,43,-0.35031960890662406,0.8951593140961129,
14,44,-0.35031960890662406,0.9069358377292115,
15,0,-0.306820840310436,-0.9050791585147206,
15,1,-0.30574159016616276,-0.8939269070238977,
15,2,-0.304,-0.874,
15,3,-0.302,-0.848,
15,4,-0.3,-0.8240000000000001,
15,5,-0.3,-0.792,
15,6,-0.298,-0.766,
15,7,-0.298,-0.738,
15,8,-0.296,-0.694,
15,9,-0.294,-0.6579999999999999,
15,10,-0.294,-0.624,
15,11,-0.292,-0.5760000000000001,
15,12,-0.292,-0.528,
15,13,-0.294,-0.484,
15,14,-0.294,-0.426,
15,15,-0.292,-0.384,
15,16,-0.29,-0.3279999999999999,
15,17,-0.292,-0.272,
15,18,-0.29,-0.2339999999999999,
15,19,-0.292,-0.17,
15,20,-0.292,-0.1079999999999999,
15,21,-0.292,-0.0639999999999999,
15,22,-0.292,0.002,
15,23,-0.294,0.062,
15,24,-0.294,0.102,
15,25,-0.294,0.1639999999999999,
15,26,-0.294,0.2239999999999999,
15,27,-0.292,0.268,
15,28,-0.292,0.33,
15,29,-0.292,0.3799999999999999,
15,30,-0.294,0.4259999999999999,
15,31,-0.296,0.484,
15,32,-0.296,0.53,
15,33,-0.298,0.5700000000000001,
15,34,-0.3,0.6180000000000001,
15,35,-0.3,0.6599999999999999,
15,36,-0.3,0.692,
15,37,-0.302,0.732,
15,38,-0.302,0.762,
15,39,-0.306,0.792,
15,40,-0.308,0.8220000000000001,
15,41,-0.312,0.8480000000000001,
15,42,-0.3139999999999999,0.8700000000000001,
15,43,-0.31583121826683513,0.8965612811952912,
15,44,-0.31639200510650645,0.9083378048283899,
16,0,-0.26005333405859765,-0.9043596584185385,
16,1,-0.25825458381814237,-0.8939269070238977,
16,2,-0.258,-0.872,
16,3,-0.256,-0.85,
16,4,-0.254,-0.8240000000000001,
16,5,-0.254,-0.794,
16,6,-0.252,-0.768,
16,7,-0.25,-0.738,
16,8,-0.252,-0.698,
16,9,-0.25,-0.6599999999999999,
16,10,-0.248,-0.624,
16,11,-0.248,-0.5740000000000001,
16,12,-0.248,-0.532,
16,13,-0.248,-0.482,
16,14,-0.25,-0.428,
16,15,-0.25,-0.382,
16,16,-0.25,-0.3279999999999999,
16,17,-0.25,-0.272,
16,18,-0.248,-0.2299999999999999,
16,19,-0.25,-0.17,
16,20,-0.25,-0.1099999999999999,
16,21,-0.25,-0.0659999999999999,
16,22,-0.254,0.0,
16,23,-0.252,0.058,
16,24,-0.252,0.104,
16,25,-0.25,0.1659999999999999,
16,26,-0.252,0.2219999999999999,
16,27,-0.252,0.268,
16,28,-0.252,0.326,
16,29,-0.254,0.3839999999999999,
16,30,-0.252,0.4219999999999999,
16,31,-0.254,0.488,
16,32,-0.256,0.528,
16,33,-0.258,0.5660000000000001,
16,34,-0.26,0.6220000000000001,
16,35,-0.262,0.6599999999999999,
16,36,-0.26,0.692,
16,37,-0.262,0.732,
16,38,-0.264,0.766,
16,39,-0.266,0.79,
16,40,-0.268,0.8220000000000001,
16,41,-0.266,0.8460000000000001,
16,42,-0.266,0.8720000000000001,
16,43,-0.27293102503197575,0.8971220680349626,
16,44,-0.2732114184518114,0.9072162311490471,
17,0,-0.21220657766248627,-0.9047194084666293,
17,1,-0.2139999999999999,-0.894,
17,2,-0.2119999999999999,-0.874,
17,3,-0.2099999999999999,-0.848,
17,4,-0.2079999999999999,-0.8260000000000001,
17,5,-0.2079999999999999,-0.794,
17,6,-0.2079999999999999,-0.766,
17,7,-0.2099999999999999,-0.74,
17,8,-0.2099999999999999,-0.698,
17,9,-0.2079999999999999,-0.6599999999999999,
17,10,-0.2079999999999999,-0.626,
17,11,-0.2059999999999999,-0.5760000000000001,
17,12,-0.2039999999999999,-0.532,
17,13,-0.2019999999999999,-0.482,
17,14,-0.2039999999999999,-0.43,
17,15,-0.2059999999999999,-0.384,
17,16,-0.2099999999999999,-0.3299999999999999,
17,17,-0.2079999999999999,-0.27,
17,18,-0.2079999999999999,-0.2259999999999999,
17,19,-0.2079999999999999,-0.168,
17,20,-0.2099999999999999,-0.1139999999999999,
17,21,-0.2119999999999999,-0.0659999999999999,
17,22,-0.2099999999999999,0.002,
17,23,-0.2079999999999999,0.06,
17,24,-0.2059999999999999,0.1060000000000001,
17,25,-0.2079999999999999,0.1659999999999999,
17,26,-0.2059999999999999,0.2219999999999999,
17,27,-0.2059999999999999,0.268,
17,28,-0.2079999999999999,0.326,
17,29,-0.2079999999999999,0.3819999999999999,
17,30,-0.2079999999999999,0.4259999999999999,
17,31,-0.2099999999999999,0.478,
17,32,-0.2099999999999999,0.528,
17,33,-0.2139999999999999,0.5720000000000001,
17,34,-0.2139999999999999,0.6220000000000001,
17,35,-0.2099999999999999,0.6619999999999999,
17,36,-0.2139999999999999,0.688,
17,37,-0.2179999999999999,0.732,
17,38,-0.2179999999999999,0.762,
17,39,-0.2199999999999999,0.788,
17,40,-0.2199999999999999,0.8260000000000001,
17,41,-0.2199999999999999,0.8480000000000001,
17,42,-0.2239999999999999,0.8700000000000001,
17,43,-0.22414256998056706,0.8937573469969342,
17,44,-0.22386217656073137,0.9074966245688827,
18,0,-0.17443282261292456,-0.9036401583223562,
18,1,-0.176,-0.892,
18,2,-0.176,-0.872,
18,3,-0.172,-0.85,
18,4,-0.172,-0.8240000000000001,
18,5,-0.172,-0.794,
18,6,-0.174,-0.768,
18,7,-0.17,-0.74,
18,8,-0.168,-0.696,
18,9,-0.17,-0.6639999999999999,
18,10,-0.17,-0.628,
18,11,-0.17,-0.5740000000000001,
18,12,-0.168,-0.528,
18,13,-0.17,-0.482,
18,14,-0.17,-0.43,
18,15,-0.17,-0.386,
18,16,-0.17,-0.3279999999999999,
18,17,-0.17,-0.27,
18,18,-0.172,-0.2279999999999999,
18,19,-0.17,-0.172,
18,20,-0.174,-0.1119999999999999,
18,21,-0.17,-0.0659999999999999,
18,22,-0.168,0.0,
18,23,-0.168,0.062,
18,24,-0.168,0.104,
18,25,-0.17,0.1659999999999999,
18,26,-0.172,0.2279999999999999,
18,27,-0.172,0.266,
18,28,-0.17051214914118162,0.3250785504817765,
18,29,-0.172,0.3799999999999999,
18,30,-0.172,0.4259999999999999,
18,31,-0.174,0.482,
18,32,-0.172,0.528,
18,33,-0.172,0.5720000000000001,
18,34,-0.176,0.6180000000000001,
18,35,-0.176,0.6599999999999999,
18,36,-0.178,0.694,
18,37,-0.18,0.732,
18,38,-0.18,0.764,
18,39,-0.182,0.79,
18,40,-0.182,0.8240000000000001,
18,41,-0.182,0.8460000000000001,
18,42,-0.184,0.8700000000000001,
18,43,-0.18460709778373585,0.8960004943556197,
18,44,-0.18685024514242132,0.9086181982482254,
19,0,-0.12550681607253988,-0.9036401583223562,
19,1,-0.12550681607253988,-0.8935671569758064,
19,2,-0.126,-0.87,
19,3,-0.128,-0.852,
19,4,-0.128,-0.8260000000000001,
19,5,-0.128,-0.796,
19,6,-0.126,-0.77,
19,7,-0.124,-0.738,
19,8,-0.124,-0.698,
19,9,-0.124,-0.6639999999999999,
19,10,-0.126,-0.626,
19,11,-0.126,-0.5720000000000001,
19,12,-0.124,-0.53,
19,13,-0.124,-0.486,
19,14,-0.124,-0.43,
19,15,-0.124,-0.386,
19,16,-0.124,-0.3279999999999999,
19,17,-0.126,-0.27,
19,18,-0.128,-0.2279999999999999,
19,19,-0.126,-0.166,
19,20,-0.122,-0.1059999999999999,
19,21,-0.1159999999999999,-0.062,
19,22,-0.1139999999999999,0.0,
19,23,-0.1139999999999999,0.054,
19,24,-0.1139999999999999,0.098,
19,25,-0.122,0.1619999999999999,
19,26,-0.126,0.2199999999999999,
19,27,-0.128,0.268,
19,28,-0.128,0.32,
19,29,-0.126,0.3799999999999999,
19,30,-0.13,0.4219999999999999,
19,31,-0.13,0.474,
19,32,-0.126,0.532,
19,33,-0.13,0.5680000000000001,
19,34,-0.13,0.6200000000000001,
19,35,-0.132,0.6579999999999999,
19,36,-0.134,0.692,
19,37,-0.134,0.726,
19,38,-0.136,0.762,
19,39,-0.134,0.788,
19,40,-0.136,0.8220000000000001,
19,41,-0.138,0.8460000000000001,
19,42,-0.14,0.8680000000000001,
19,43,-0.13750100325134135,0.8940377404167699,
19,44,-0.13806179009101271,0.9074966245688826,
20,0,-0.08413556054206758,-0.9068779087551757,
20,1,-0.0837758104939765,-0.8953659072162616,
20,2,-0.0839999999999999,-0.872,
20,3,-0.0839999999999999,-0.85,
20,4,-0.0819999999999999,-0.8260000000000001,
20,5,-0.0819999999999999,-0.796,
20,6,-0.0819999999999999,-0.768,
20,7,-0.0819999999999999,-0.74,
20,8,-0.0839999999999999,-0.698,
20,9,-0.0839999999999999,-0.6639999999999999,
20,10,-0.0799999999999999,-0.624,
20,11,-0.0779999999999999,-0.5700000000000001,
20,12,-0.0799999999999999,-0.532,
20,13,-0.0799999999999999,-0.484,
20,14,-0.0799999999999999,-0.432,
20,15,-0.0799999999999999,-0.384,
20,16,-0.0819999999999999,-0.3299999999999999,
20,17,-0.0819999999999999,-0.27,
20,18,-0.0799999999999999,-0.2259999999999999,
20,19,-0.0799999999999999,-0.162,
20,20,-0.08456316410861894,-0.10216204250295136,
20,21,-0.08218080620678053,-0.05808842131894057,
20,22,-0.0792028588294825,0.00027934727610073873,
20,23,-0.0797984483049421,0.0538824000674652,
20,24,-0.0797984483049421,0.10093396862877402,
20,25,-0.0779999999999999,0.1579999999999999,
20,26,-0.0819999999999999,0.2199999999999999,
20,27,-0.0839999999999999,0.27,
20,28,-0.0859999999999999,0.322,
20,29,-0.0859999999999999,0.3779999999999999,
20,30,-0.0859999999999999,0.4219999999999999,
20,31,-0.0839999999999999,0.476,
20,32,-0.0879999999999999,0.532,
20,33,-0.0899999999999999,0.5700000000000001,
20,34,-0.0899999999999999,0.6200000000000001,
20,35,-0.0899999999999999,0.6539999999999999,
20,36,-0.0939999999999999,0.694,
20,37,-0.0879999999999999,0.726,
20,38,-0.0899999999999999,0.762,
20,39,-0.0899999999999999,0.79,
20,40,-0.0899999999999999,0.8240000000000001,
20,41,-0.0899999999999999,0.8460000000000001,
20,42,-0.0899999999999999,0.8700000000000001,
20,43,-0.08899294161976831,0.8954397075159483,
20,44,-0.08899294161976831,0.9077770179887183,
21,0,-0.045642305396323746,-0.9061584086589934,
21,1,-0.044922805300141616,-0.8946464071200796,
21,2,-0.046,-0.87,
21,3,-0.046,-0.848,
21,4,-0.044,-0.8260000000000001,
21,5,-0.044,-0.798,
21,6,-0.042,-0.772,
21,7,-0.046,-0.74,
21,8,-0.044,-0.696,
21,9,-0.044,-0.6639999999999999,
21,10,-0.042,-0.624,
21,11,-0.042,-0.5700000000000001,
21,12,-0.044,-0.534,
21,13,-0.044,-0.488,
21,14,-0.044,-0.428,
21,15,-0.046,-0.386,
21,16,-0.046,-0.3299999999999999,
21,17,-0.048,-0.272,
21,18,-0.048,-0.2259999999999999,
21,19,-0.044,-0.158,
21,20,-0.04525425872828501,-0.10394881092933017,
21,21,-0.04584984820374463,-0.056301652892561754,
21,22,-0.04525425872828501,0.0026617051779391776,
21,23,-0.042276311350987,0.05686034744476326,
21,24,-0.04465866925282541,0.10212514757969327,
21,25,-0.046,0.1599999999999999,
21,26,-0.048,0.2199999999999999,
21,27,-0.048,0.266,
21,28,-0.05,0.324,
21,29,-0.048,0.3819999999999999,
21,30,-0.046,0.4239999999999999,
21,31,-0.048,0.48,
21,32,-0.05,0.528,
21,33,-0.052,0.5660000000000001,
21,34,-0.052,0.6160000000000001,
21,35,-0.054,0.6539999999999999,
21,36,-0.054,0.692,
21,37,-0.056,0.728,
21,38,-0.056,0.762,
21,39,-0.054,0.792,
21,40,-0.054,0.8240000000000001,
21,41,-0.054,0.8480000000000001,
21,42,-0.054,0.8700000000000001,
21,43,-0.05422415756014373,0.8934769535770986,
21,44,-0.05422415756014373,0.9072162311490469,
22,0,0.008679951865427027,-0.9068779087551756,
22,1,0.009759202009700096,-0.8946464071200795,
22,2,0.008,-0.87,
22,3,0.008,-0.85,
22,4,0.006,-0.8260000000000001,
22,5,0.004,-0.796,
22,6,0.002,-0.774,
22,7,0.004,-0.738,
22,8,0.004,-0.698,
22,9,0.006,-0.6639999999999999,
22,10,0.006,-0.624,
22,11,0.006,-0.5720000000000001,
22,12,0.006,-0.53,
22,13,0.004,-0.488,
22,14,0.004,-0.428,
22,15,0.002,-0.39,
22,16,0.002,-0.3319999999999999,
22,17,0.002,-0.274,
22,18,0.0,-0.2259999999999999,
22,19,0.002,-0.16,
22,20,1.0541406644970497e-05,-0.10513998988024936,
22,21,-0.0023718164951934684,-0.05689724236802138,
22,22,-0.0029674059706530365,0.0008749367515603623,
22,23,-0.005349763872491475,0.055073579018384444,
22,24,-0.004158584921572284,0.10331632653061246,
22,25,-0.004,0.1579999999999999,
22,26,-0.006,0.2219999999999999,
22,27,-0.006,0.266,
22,28,-0.004,0.324,
22,29,-0.004,0.3819999999999999,
22,30,-0.006,0.4239999999999999,
22,31,-0.006,0.48,
22,32,-0.008,0.524,
22,33,-0.008,0.5660000000000001,
22,34,-0.01,0.6140000000000001,
22,35,-0.01,0.6559999999999999,
22,36,-0.006,0.692,
22,37,-0.006,0.73,
22,38,0.0,0.764,
22,39,-0.002,0.79,
22,40,-0.002,0.8220000000000001,
22,41,-0.004,0.8480000000000001,
22,42,-0.004,0.8680000000000001,
22,43,-0.0012298012111997825,0.8917945930580844,
22,44,-0.00038862095169275856,0.9052534772101971,
23,0,0.05868520855008488,-0.9086766589956309,
23,1,0.059044958598175934,-0.8957256572643526,
23,2,0.058,-0.868,
23,3,0.056,-0.85,
23,4,0.054,-0.8280000000000001,
23,5,0.054,-0.798,
23,6,0.054,-0.768,
23,7,0.054,-0.736,
23,8,0.052,-0.7,
23,9,0.054,-0.6679999999999999,
23,10,0.054,-0.622,
23,11,0.052,-0.5740000000000001,
23,12,0.052,-0.528,
23,13,0.052,-0.486,
23,14,0.05,-0.432,
23,15,0.05,-0.392,
23,16,0.048,-0.3359999999999999,
23,17,0.048,-0.272,
23,18,0.044,-0.2239999999999999,
23,19,0.04,-0.162,
23,20,0.04229739416427697,-0.11050029515938581,
23,21,0.040510625737898154,-0.06106636869623858,
23,22,0.038128267836059715,0.001470526227019986,
23,23,0.03931944678697896,0.05388240006746525,
23,24,0.038128267836059715,0.09974278967785488,
23,25,0.038,0.1479999999999999,
23,26,0.04,0.2199999999999999,
23,27,0.042,0.268,
23,28,0.042,0.326,
23,29,0.04,0.3799999999999999,
23,30,0.04,0.4299999999999999,
23,31,0.04,0.48,
23,32,0.04,0.528,
23,33,0.042,0.5660000000000001,
23,34,0.044,0.6100000000000001,
23,35,0.046,0.6559999999999999,
23,36,0.044,0.692,
23,37,0.046,0.726,
23,38,0.044,0.762,
23,39,0.046,0.792,
23,40,0.05,0.8240000000000001,
23,41,0.05,0.8460000000000001,
23,42,0.05,0.8700000000000001,
23,43,0.04980180119889438,0.8926357733175914,
23,44,0.049521407779058696,0.9066554443093755,
24,0,0.0892639626378253,-0.9075974088513576,
24,1,0.08890421258973422,-0.8960854073124437,
24,2,0.088,-0.872,
24,3,0.09,-0.85,
24,4,0.092,-0.83,
24,5,0.092,-0.798,
24,6,0.088,-0.77,
24,7,0.088,-0.738,
24,8,0.088,-0.7,
24,9,0.086,-0.6619999999999999,
24,10,0.086,-0.622,
24,11,0.086,-0.5760000000000001,
24,12,0.086,-0.536,
24,13,0.084,-0.486,
24,14,0.084,-0.432,
24,15,0.084,-0.384,
24,16,0.084,-0.3379999999999999,
24,17,0.084,-0.274,
24,18,0.084,-0.2259999999999999,
24,19,0.078,-0.166,
24,20,0.08815778377466654,-0.10930911620846659,
24,21,0.08458424692190891,-0.06047077922077895,
24,22,0.08158176451323723,-0.0015230343520611922,
24,23,0.08516868411038048,0.05287857953794478,
24,24,0.0816062995446109,0.09855161072693563,
24,25,0.074,0.1479999999999999,
24,26,0.08,0.2199999999999999,
24,27,0.078,0.266,
24,28,0.078,0.326,
24,29,0.08,0.3819999999999999,
24,30,0.078,0.4239999999999999,
24,31,0.078,0.478,
24,32,0.08,0.528,
24,33,0.08,0.5660000000000001,
24,34,0.076,0.6120000000000001,
24,35,0.078,0.6539999999999999,
24,36,0.078,0.692,
24,37,0.08,0.732,
24,38,0.08,0.764,
24,39,0.08,0.792,
24,40,0.08,0.8220000000000001,
24,41,0.082,0.8500000000000001,
24,42,0.082,0.8680000000000001,
24,43,0.08372940499901188,0.8934769535770984,
24,44,0.08372940499901188,0.9080574114085539,
25,0,0.13890946927439213,-0.9065181587070845,
25,1,0.1359999999999999,-0.896,
25,2,0.1359999999999999,-0.87,
25,3,0.1339999999999999,-0.852,
25,4,0.1299999999999999,-0.8280000000000001,
25,5,0.1319999999999999,-0.8,
25,6,0.1339999999999999,-0.77,
25,7,0.1299999999999999,-0.738,
25,8,0.1339999999999999,-0.698,
25,9,0.1319999999999999,-0.6619999999999999,
25,10,0.1319999999999999,-0.622,
25,11,0.1299999999999999,-0.5700000000000001,
25,12,0.1319999999999999,-0.53,
25,13,0.1319999999999999,-0.486,
25,14,0.1299999999999999,-0.43,
25,15,0.1299999999999999,-0.39,
25,16,0.1279999999999999,-0.3299999999999999,
25,17,0.1279999999999999,-0.278,
25,18,0.1240000000000001,-0.2279999999999999,
25,19,0.1240000000000001,-0.168,
25,20,0.1200000000000001,-0.1059999999999999,
25,21,0.1120000000000001,-0.06,
25,22,0.1140000000000001,-0.004,
25,23,0.1160000000000001,0.052,
25,24,0.1180000000000001,0.096,
25,25,0.1200000000000001,0.1559999999999999,
25,26,0.1220000000000001,0.2179999999999999,
25,27,0.1220000000000001,0.266,
25,28,0.1220000000000001,0.326,
25,29,0.1220000000000001,0.3779999999999999,
25,30,0.1220000000000001,0.4259999999999999,
25,31,0.1240000000000001,0.48,
25,32,0.1240000000000001,0.526,
25,33,0.1200000000000001,0.562,
25,34,0.1200000000000001,0.6120000000000001,
25,35,0.1220000000000001,0.6559999999999999,
25,36,0.1200000000000001,0.69,
25,37,0.1240000000000001,0.73,
25,38,0.1259999999999999,0.762,
25,39,0.1259999999999999,0.792,
25,40,0.1279999999999999,0.8220000000000001,
25,41,0.1279999999999999,0.8480000000000001,
25,42,0.1279999999999999,0.8700000000000001,
25,43,0.13027471269173516,0.8954397075159481,
25,44,0.13083549953140652,0.9066554443093755,
26,0,0.18567697552623041,-0.9061584086589934,
26,1,0.18459772538195718,-0.8957256572643526,
26,2,0.1839999999999999,-0.874,
26,3,0.1799999999999999,-0.85,
26,4,0.1819999999999999,-0.83,
26,5,0.1799999999999999,-0.798,
26,6,0.1779999999999999,-0.77,
26,7,0.1779999999999999,-0.74,
26,8,0.1739999999999999,-0.7,
26,9,0.1759999999999999,-0.6639999999999999,
26,10,0.1759999999999999,-0.624,
26,11,0.1739999999999999,-0.5700000000000001,
26,12,0.1719999999999999,-0.53,
26,13,0.1719999999999999,-0.486,
26,14,0.1719999999999999,-0.434,
26,15,0.1719999999999999,-0.39,
26,16,0.1719999999999999,-0.3379999999999999,
26,17,0.1699999999999999,-0.278,
26,18,0.1719999999999999,-0.2299999999999999,
26,19,0.1699999999999999,-0.17,
26,20,0.1719999999999999,-0.1119999999999999,
26,21,0.1699999999999999,-0.0659999999999999,
26,22,0.1679999999999999,-0.004,
26,23,0.1659999999999999,0.052,
26,24,0.1639999999999999,0.1,
26,25,0.1659999999999999,0.1559999999999999,
26,26,0.1659999999999999,0.2159999999999999,
26,27,0.1659999999999999,0.266,
26,28,0.1679999999999999,0.326,
26,29,0.1639999999999999,0.3799999999999999,
26,30,0.1659999999999999,0.4239999999999999,
26,31,0.1659999999999999,0.48,
26,32,0.1659999999999999,0.526,
26,33,0.1639999999999999,0.558,
26,34,0.1659999999999999,0.6120000000000001,
26,35,0.1679999999999999,0.6519999999999999,
26,36,0.1679999999999999,0.69,
26,37,0.1679999999999999,0.732,
26,38,0.1719999999999999,0.762,
26,39,0.1719999999999999,0.792,
26,40,0.1699999999999999,0.8220000000000001,
26,41,0.1719999999999999,0.8480000000000001,
26,42,0.1759999999999999,0.8680000000000001,
26,43,0.1818671019415007,0.8954397075159481,
26,44,0.1827082822010077,0.9069358377292112,
27,0,0.2220117303834278,-0.9061584086589934,
27,1,0.2220117303834278,-0.8950061571681704,
27,2,0.2179999999999999,-0.872,
27,3,0.2179999999999999,-0.852,
27,4,0.2179999999999999,-0.8280000000000001,
27,5,0.2159999999999999,-0.8,
27,6,0.2179999999999999,-0.77,
27,7,0.2139999999999999,-0.742,
27,8,0.2119999999999999,-0.7,
27,9,0.2099999999999999,-0.6599999999999999,
27,10,0.2099999999999999,-0.624,
27,11,0.2059999999999999,-0.5720000000000001,
27,12,0.2079999999999999,-0.532,
27,13,0.2099999999999999,-0.488,
27,14,0.2099999999999999,-0.43,
27,15,0.2099999999999999,-0.39,
27,16,0.2079999999999999,-0.3359999999999999,
27,17,0.2079999999999999,-0.28,
27,18,0.2099999999999999,-0.2319999999999999,
27,19,0.2079999999999999,-0.174,
27,20,0.2079999999999999,-0.1119999999999999,
27,21,0.2059999999999999,-0.0659999999999999,
27,22,0.2059999999999999,-0.006,
27,23,0.2039999999999999,0.054,
27,24,0.2039999999999999,0.102,
27,25,0.2039999999999999,0.1599999999999999,
27,26,0.2039999999999999,0.2139999999999999,
27,27,0.2019999999999999,0.264,
27,28,0.2019999999999999,0.324,
27,29,0.2019999999999999,0.3779999999999999,
27,30,0.2059999999999999,0.4239999999999999,
27,31,0.2059999999999999,0.476,
27,32,0.2039999999999999,0.526,
27,33,0.2059999999999999,0.558,
27,34,0.2059999999999999,0.6120000000000001,
27,35,0.2079999999999999,0.6579999999999999,
27,36,0.2099999999999999,0.688,
27,37,0.2079999999999999,0.728,
27,38,0.2079999999999999,0.764,
27,39,0.2099999999999999,0.794,
27,40,0.2079999999999999,0.8200000000000001,
27,41,0.2119999999999999,0.8480000000000001,
27,42,0.2119999999999999,0.8680000000000001,
27,43,0.21411234522260414,0.8968416746151266,
27,44,0.2149535254821112,0.9074966245688825,
28,0,0.2669804863948108,-0.9083169089475397,
28,1,0.26734023644290184,-0.8957256572643525,
28,2,0.266,-0.874,
28,3,0.264,-0.85,
28,4,0.264,-0.8280000000000001,
28,5,0.262,-0.798,
28,6,0.262,-0.772,
28,7,0.258,-0.74,
28,8,0.258,-0.698,
28,9,0.256,-0.6639999999999999,
28,10,0.254,-0.624,
28,11,0.252,-0.5720000000000001,
28,12,0.248,-0.528,
28,13,0.246,-0.49,
28,14,0.248,-0.43,
28,15,0.25,-0.39,
28,16,0.25,-0.3359999999999999,
28,17,0.252,-0.28,
28,18,0.25,-0.2319999999999999,
28,19,0.25,-0.172,
28,20,0.248,-0.1139999999999999,
28,21,0.25,-0.0659999999999999,
28,22,0.248,-0.006,
28,23,0.248,0.054,
28,24,0.248,0.102,
28,25,0.246,0.1579999999999999,
28,26,0.248,0.2179999999999999,
28,27,0.246,0.266,
28,28,0.246,0.324,
28,29,0.248,0.3799999999999999,
28,30,0.246,0.4259999999999999,
28,31,0.246,0.476,
28,32,0.246,0.522,
28,33,0.248,0.558,
28,34,0.248,0.6120000000000001,
28,35,0.25,0.6559999999999999,
28,36,0.25,0.69,
28,37,0.252,0.73,
28,38,0.254,0.764,
28,39,0.256,0.794,
28,40,0.258,0.8220000000000001,
28,41,0.258,0.8460000000000001,
28,42,0.26,0.8680000000000001,
28,43,0.26037725949549173,0.8934769535770984,
28,44,0.2617792265946701,0.9063750508895398,
29,0,0.3177052431756508,-0.9079571588994486,
29,1,0.3173454931275597,-0.8960854073124436,
29,2,0.314,-0.87,
29,3,0.312,-0.85,
29,4,0.31,-0.832,
29,5,0.306,-0.798,
29,6,0.304,-0.772,
29,7,0.302,-0.74,
29,8,0.3,-0.698,
29,9,0.3,-0.6599999999999999,
29,10,0.294,-0.622,
29,11,0.294,-0.5740000000000001,
29,12,0.292,-0.528,
29,13,0.292,-0.484,
29,14,0.296,-0.426,
29,15,0.294,-0.388,
29,16,0.296,-0.3379999999999999,
29,17,0.294,-0.278,
29,18,0.294,-0.2279999999999999,
29,19,0.292,-0.174,
29,20,0.29,-0.1159999999999999,
29,21,0.288,-0.0679999999999999,
29,22,0.288,-0.008,
29,23,0.288,0.054,
29,24,0.29,0.104,
29,25,0.29,0.1579999999999999,
29,26,0.29,0.2159999999999999,
29,27,0.292,0.266,
29,28,0.292,0.322,
29,29,0.292,0.3819999999999999,
29,30,0.288,0.4259999999999999,
29,31,0.284,0.474,
29,32,0.286,0.524,
29,33,0.288,0.56,
29,34,0.292,0.6120000000000001,
29,35,0.29,0.6539999999999999,
29,36,0.296,0.69,
29,37,0.298,0.73,
29,38,0.296,0.764,
29,39,0.296,0.792,
29,40,0.298,0.8240000000000001,
29,41,0.3,0.8460000000000001,
29,42,0.302,0.8700000000000001,
29,43,0.3083245342873934,0.8940377404167698,
29,44,0.30860492770722914,0.9055338706300325,
30,0,0.3497229974557554,-0.9072376588032665,
30,1,0.3480000000000001,-0.896,
30,2,0.3480000000000001,-0.874,
30,3,0.3440000000000001,-0.85,
30,4,0.3420000000000001,-0.8280000000000001,
30,5,0.3400000000000001,-0.8,
30,6,0.3380000000000001,-0.77,
30,7,0.3360000000000001,-0.738,
30,8,0.3340000000000001,-0.7,
30,9,0.3340000000000001,-0.6619999999999999,
30,10,0.3320000000000001,-0.626,
30,11,0.328,-0.5740000000000001,
30,12,0.33,-0.532,
30,13,0.328,-0.484,
30,14,0.326,-0.426,
30,15,0.326,-0.388,
30,16,0.328,-0.3339999999999999,
30,17,0.328,-0.278,
30,18,0.328,-0.2319999999999999,
30,19,0.328,-0.174,
30,20,0.328,-0.1159999999999999,
30,21,0.328,-0.0659999999999999,
30,22,0.326,-0.008,
30,23,0.326,0.054,
30,24,0.326,0.102,
30,25,0.324,0.1579999999999999,
30,26,0.326,0.2179999999999999,
30,27,0.326,0.266,
30,28,0.328,0.326,
30,29,0.326,0.3819999999999999,
30,30,0.324,0.4179999999999999,
30,31,0.324,0.476,
30,32,0.326,0.526,
30,33,0.326,0.562,
30,34,0.328,0.6120000000000001,
30,35,0.33,0.6559999999999999,
30,36,0.328,0.688,
30,37,0.3320000000000001,0.728,
30,38,0.3320000000000001,0.764,
30,39,0.3360000000000001,0.79,
30,40,0.3380000000000001,0.8240000000000001,
30,41,0.3380000000000001,0.8480000000000001,
30,42,0.3400000000000001,0.8680000000000001,
30,43,0.3442148920263608,0.8951593140961123,
30,44,0.3450560722858679,0.9063750508895395,
31,0,0.3990087540442312,-0.9075974088513575,
31,1,0.3939999999999999,-0.898,
31,2,0.3879999999999999,-0.872,
31,3,0.3879999999999999,-0.85,
31,4,0.3859999999999999,-0.83,
31,5,0.3839999999999999,-0.802,
31,6,0.3799999999999999,-0.77,
31,7,0.3779999999999999,-0.738,
31,8,0.3779999999999999,-0.698,
31,9,0.3759999999999999,-0.6619999999999999,
31,10,0.3779999999999999,-0.628,
31,11,0.3740000000000001,-0.5740000000000001,
31,12,0.3700000000000001,-0.532,
31,13,0.3700000000000001,-0.482,
31,14,0.3660000000000001,-0.426,
31,15,0.3640000000000001,-0.386,
31,16,0.3640000000000001,-0.3299999999999999,
31,17,0.3660000000000001,-0.278,
31,18,0.3680000000000001,-0.2299999999999999,
31,19,0.3700000000000001,-0.172,
31,20,0.3720000000000001,-0.1159999999999999,
31,21,0.3700000000000001,-0.0679999999999999,
31,22,0.3700000000000001,-0.008,
31,23,0.3680000000000001,0.052,
31,24,0.3660000000000001,0.1,
31,25,0.3680000000000001,0.1579999999999999,
31,26,0.3700000000000001,0.2199999999999999,
31,27,0.3660000000000001,0.266,
31,28,0.3660000000000001,0.324,
31,29,0.3660000000000001,0.3759999999999999,
31,30,0.3660000000000001,0.4159999999999999,
31,31,0.3680000000000001,0.474,
31,32,0.3680000000000001,0.524,
31,33,0.3680000000000001,0.562,
31,34,0.3720000000000001,0.6140000000000001,
31,35,0.3720000000000001,0.6539999999999999,
31,36,0.3740000000000001,0.69,
31,37,0.3720000000000001,0.728,
31,38,0.3759999999999999,0.766,
31,39,0.3779999999999999,0.79,
31,40,0.3799999999999999,0.8220000000000001,
31,41,0.3839999999999999,0.8460000000000001,
31,42,0.3879999999999999,0.8680000000000001,
31,43,0.39019941287941273,0.8937573469969338,
31,44,0.3910405931389198,0.9058142640498681,
32,0,0.43822150928615716,-0.9079571588994486,
32,1,0.43534350890142864,-0.8975244075048078,
32,2,0.4299999999999999,-0.87,
32,3,0.4279999999999999,-0.85,
32,4,0.4259999999999999,-0.832,
32,5,0.4199999999999999,-0.798,
32,6,0.4219999999999999,-0.776,
32,7,0.4199999999999999,-0.738,
32,8,0.4179999999999999,-0.698,
32,9,0.4179999999999999,-0.6639999999999999,
32,10,0.4159999999999999,-0.622,
32,11,0.4119999999999999,-0.5720000000000001,
32,12,0.4119999999999999,-0.532,
32,13,0.4099999999999999,-0.482,
32,14,0.4079999999999999,-0.428,
32,15,0.4119999999999999,-0.388,
32,16,0.4099999999999999,-0.3299999999999999,
32,17,0.4099999999999999,-0.274,
32,18,0.4099999999999999,-0.2319999999999999,
32,19,0.4119999999999999,-0.17,
32,20,0.4119999999999999,-0.1139999999999999,
32,21,0.4099999999999999,-0.0659999999999999,
32,22,0.4099999999999999,-0.01,
32,23,0.4079999999999999,0.052,
32,24,0.4059999999999999,0.102,
32,25,0.4059999999999999,0.1579999999999999,
32,26,0.4059999999999999,0.2179999999999999,
32,27,0.4079999999999999,0.268,
32,28,0.4059999999999999,0.324,
32,29,0.4079999999999999,0.3779999999999999,
32,30,0.4079999999999999,0.4219999999999999,
32,31,0.4099999999999999,0.474,
32,32,0.4099999999999999,0.522,
32,33,0.4099999999999999,0.5640000000000001,
32,34,0.4119999999999999,0.6160000000000001,
32,35,0.4139999999999999,0.6499999999999999,
32,36,0.4139999999999999,0.688,
32,37,0.4159999999999999,0.728,
32,38,0.4179999999999999,0.764,
32,39,0.4199999999999999,0.792,
32,40,0.4219999999999999,0.8240000000000001,
32,41,0.4259999999999999,0.8460000000000001,
32,42,0.4259999999999999,0.8700000000000001,
32,43,0.43085645875558665,0.8929161667374268,
32,44,0.4333799995341078,0.9066554443093752,
33,0,0.47203801380671717,-0.9072376588032665,
33,1,0.47059901361435286,-0.8968049074086256,
33,2,0.4659999999999999,-0.874,
33,3,0.4619999999999999,-0.85,
33,4,0.4599999999999999,-0.832,
33,5,0.4579999999999999,-0.798,
33,6,0.4559999999999999,-0.77,
33,7,0.4539999999999999,-0.738,
33,8,0.4519999999999999,-0.698,
33,9,0.4519999999999999,-0.6619999999999999,
33,10,0.4499999999999999,-0.624,
33,11,0.4499999999999999,-0.5700000000000001,
33,12,0.4499999999999999,-0.528,
33,13,0.4499999999999999,-0.488,
33,14,0.4479999999999999,-0.428,
33,15,0.4439999999999999,-0.384,
33,16,0.4419999999999999,-0.3299999999999999,
33,17,0.4419999999999999,-0.278,
33,18,0.4419999999999999,-0.2259999999999999,
33,19,0.4419999999999999,-0.166,
33,20,0.4419999999999999,-0.1159999999999999,
33,21,0.4439999999999999,-0.0659999999999999,
33,22,0.4439999999999999,-0.014,
33,23,0.4439999999999999,0.052,
33,24,0.4419999999999999,0.102,
33,25,0.4399999999999999,0.1619999999999999,
33,26,0.4379999999999999,0.2179999999999999,
33,27,0.4399999999999999,0.264,
33,28,0.4399999999999999,0.32,
33,29,0.4419999999999999,0.3779999999999999,
33,30,0.4419999999999999,0.4179999999999999,
33,31,0.4419999999999999,0.476,
33,32,0.4439999999999999,0.524,
33,33,0.4439999999999999,0.5660000000000001,
33,34,0.4459999999999999,0.6160000000000001,
33,35,0.4479999999999999,0.6559999999999999,
33,36,0.4499999999999999,0.6819999999999999,
33,37,0.4539999999999999,0.728,
33,38,0.4519999999999999,0.764,
33,39,0.4539999999999999,0.79,
33,40,0.4559999999999999,0.8220000000000001,
33,41,0.4599999999999999,0.8460000000000001,
33,42,0.4599999999999999,0.8700000000000001,
33,43,0.4619999999999999,0.8899999999999999,
33,44,0.4659999999999999,0.906,
34,0,0.5137690193852804,-0.9061584086589933,
34,1,0.5119702691448251,-0.8942866570719881,
34,2,0.508,-0.872,
34,3,0.504,-0.85,
34,4,0.502,-0.832,
34,5,0.5,-0.796,
34,6,0.498,-0.77,
34,7,0.496,-0.738,
34,8,0.494,-0.696,
34,9,0.492,-0.656,
34,10,0.49,-0.62,
34,11,0.488,-0.5720000000000001,
34,12,0.488,-0.53,
34,13,0.484,-0.486,
34,14,0.484,-0.43,
34,15,0.484,-0.386,
34,16,0.484,-0.3299999999999999,
34,17,0.482,-0.276,
34,18,0.484,-0.2279999999999999,
34,19,0.482,-0.168,
34,20,0.484,-0.1139999999999999,
34,21,0.484,-0.0679999999999999,
34,22,0.484,-0.01,
34,23,0.486,0.052,
34,24,0.482,0.102,
34,25,0.48,0.1559999999999999,
34,26,0.48,0.2179999999999999,
34,27,0.48,0.264,
34,28,0.482,0.32,
34,29,0.482,0.3799999999999999,
34,30,0.482,0.4179999999999999,
34,31,0.484,0.476,
34,32,0.484,0.524,
34,33,0.484,0.5660000000000001,
34,34,0.486,0.6140000000000001,
34,35,0.49,0.6519999999999999,
34,36,0.49,0.6859999999999999,
34,37,0.494,0.728,
34,38,0.494,0.76,
34,39,0.494,0.79,
34,40,0.5,0.8240000000000001,
34,41,0.498,0.8460000000000001,
34,42,0.502,0.8680000000000001,
34,43,0.5068430755310565,0.8915141996382483,
34,44,0.508,0.904,
35,0,0.5497440241943868,-0.9072376588032665,
35,1,0.5486647740501136,-0.8953659072162613,
35,2,0.544,-0.872,
35,3,0.542,-0.852,
35,4,0.538,-0.83,
35,5,0.536,-0.796,
35,6,0.534,-0.77,
35,7,0.534,-0.738,
35,8,0.53,-0.692,
35,9,0.526,-0.6619999999999999,
35,10,0.528,-0.624,
35,11,0.526,-0.5740000000000001,
35,12,0.524,-0.53,
35,13,0.52,-0.484,
35,14,0.522,-0.43,
35,15,0.518,-0.386,
35,16,0.518,-0.3299999999999999,
35,17,0.52,-0.276,
35,18,0.52,-0.2259999999999999,
35,19,0.52,-0.168,
35,20,0.52,-0.1139999999999999,
35,21,0.516,-0.0679999999999999,
35,22,0.518,-0.006,
35,23,0.524,0.052,
35,24,0.518,0.102,
35,25,0.518,0.1559999999999999,
35,26,0.516,0.2159999999999999,
35,27,0.518,0.266,
35,28,0.518,0.322,
35,29,0.518,0.3759999999999999,
35,30,0.518,0.4199999999999999,
35,31,0.52,0.474,
35,32,0.52,0.522,
35,33,0.522,0.5640000000000001,
35,34,0.524,0.6160000000000001,
35,35,0.524,0.6539999999999999,
35,36,0.526,0.688,
35,37,0.526,0.724,
35,38,0.532,0.76,
35,39,0.534,0.792,
35,40,0.536,0.8240000000000001,
35,41,0.538,0.8460000000000001,
35,42,0.54,0.8680000000000001,
35,43,0.542,0.8899999999999999,
35,44,0.546,0.906,
36,0,0.5803227782821272,-0.9061584086589933,
36,1,0.5792435281378541,-0.8946464071200791,
36,2,0.5760000000000001,-0.872,
36,3,0.5720000000000001,-0.852,
36,4,0.5700000000000001,-0.8260000000000001,
36,5,0.5680000000000001,-0.794,
36,6,0.5680000000000001,-0.77,
36,7,0.5640000000000001,-0.734,
36,8,0.56,-0.694,
36,9,0.562,-0.6639999999999999,
36,10,0.56,-0.616,
36,11,0.558,-0.5740000000000001,
36,12,0.554,-0.528,
36,13,0.556,-0.484,
36,14,0.554,-0.43,
36,15,0.554,-0.382,
36,16,0.554,-0.3319999999999999,
36,17,0.554,-0.272,
36,18,0.552,-0.2279999999999999,
36,19,0.552,-0.172,
36,20,0.552,-0.1119999999999999,
36,21,0.552,-0.0699999999999999,
36,22,0.552,-0.006,
36,23,0.55,0.052,
36,24,0.55,0.1,
36,25,0.55,0.1579999999999999,
36,26,0.55,0.2159999999999999,
36,27,0.548,0.268,
36,28,0.548,0.32,
36,29,0.55,0.3779999999999999,
36,30,0.55,0.4179999999999999,
36,31,0.552,0.474,
36,32,0.554,0.524,
36,33,0.556,0.5640000000000001,
36,34,0.554,0.6080000000000001,
36,35,0.556,0.6539999999999999,
36,36,0.558,0.69,
36,37,0.56,0.728,
36,38,0.562,0.76,
36,39,0.5640000000000001,0.786,
36,40,0.5660000000000001,0.8220000000000001,
36,41,0.5700000000000001,0.8460000000000001,
36,42,0.5700000000000001,0.8660000000000001,
36,43,0.5749786765511272,0.8903926259589057,
36,44,0.5760000000000001,0.904,
37,0,0.6191757834759621,-0.9054389085628112,
37,1,0.6180965333316889,-0.8924879068315329,
37,2,0.6120000000000001,-0.87,
37,3,0.6100000000000001,-0.852,
37,4,0.6100000000000001,-0.8260000000000001,
37,5,0.6060000000000001,-0.792,
37,6,0.6060000000000001,-0.768,
37,7,0.6000000000000001,-0.732,
37,8,0.6000000000000001,-0.694,
37,9,0.6000000000000001,-0.6639999999999999,
37,10,0.5940000000000001,-0.618,
37,11,0.5940000000000001,-0.5720000000000001,
37,12,0.5940000000000001,-0.528,
37,13,0.5940000000000001,-0.488,
37,14,0.5900000000000001,-0.43,
37,15,0.5920000000000001,-0.386,
37,16,0.5920000000000001,-0.3319999999999999,
37,17,0.5920000000000001,-0.272,
37,18,0.5900000000000001,-0.2279999999999999,
37,19,0.5920000000000001,-0.17,
37,20,0.5940000000000001,-0.1099999999999999,
37,21,0.5920000000000001,-0.0659999999999999,
37,22,0.5900000000000001,-0.006,
37,23,0.5900000000000001,0.05,
37,24,0.5920000000000001,0.098,
37,25,0.5880000000000001,0.1579999999999999,
37,26,0.5880000000000001,0.2139999999999999,
37,27,0.5900000000000001,0.268,
37,28,0.5880000000000001,0.32,
37,29,0.5900000000000001,0.3759999999999999,
37,30,0.5900000000000001,0.4219999999999999,
37,31,0.5880000000000001,0.476,
37,32,0.5920000000000001,0.522,
37,33,0.5900000000000001,0.5640000000000001,
37,34,0.5920000000000001,0.6100000000000001,
37,35,0.5960000000000001,0.6559999999999999,
37,36,0.5960000000000001,0.69,
37,37,0.6000000000000001,0.73,
37,38,0.6000000000000001,0.76,
37,39,0.6040000000000001,0.79,
37,40,0.6060000000000001,0.8200000000000001,
37,41,0.6080000000000001,0.8460000000000001,
37,42,0.6100000000000001,0.8680000000000001,
37,43,0.6120000000000001,0.8879999999999999,
37,44,0.6160000000000001,0.904,
38,0,0.6544312881888864,-0.9057986586109023,
38,1,0.651913037852249,-0.8939269070238971,
38,2,0.6459999999999999,-0.87,
38,3,0.6459999999999999,-0.854,
38,4,0.6399999999999999,-0.8280000000000001,
38,5,0.6359999999999999,-0.792,
38,6,0.6359999999999999,-0.768,
38,7,0.6319999999999999,-0.732,
38,8,0.6339999999999999,-0.694,
38,9,0.6319999999999999,-0.6579999999999999,
38,10,0.6299999999999999,-0.62,
38,11,0.6279999999999999,-0.5720000000000001,
38,12,0.6279999999999999,-0.53,
38,13,0.6259999999999999,-0.486,
38,14,0.6299999999999999,-0.428,
38,15,0.6279999999999999,-0.382,
38,16,0.6259999999999999,-0.3279999999999999,
38,17,0.6240000000000001,-0.274,
38,18,0.6240000000000001,-0.2279999999999999,
38,19,0.6240000000000001,-0.168,
38,20,0.6220000000000001,-0.1119999999999999,
38,21,0.6200000000000001,-0.0699999999999999,
38,22,0.6200000000000001,-0.006,
38,23,0.6180000000000001,0.05,
38,24,0.6200000000000001,0.098,
38,25,0.6240000000000001,0.1559999999999999,
38,26,0.6240000000000001,0.2139999999999999,
38,27,0.6240000000000001,0.266,
38,28,0.6220000000000001,0.32,
38,29,0.6240000000000001,0.3799999999999999,
38,30,0.6220000000000001,0.4179999999999999,
38,31,0.6220000000000001,0.476,
38,32,0.6220000000000001,0.522,
38,33,0.6200000000000001,0.56,
38,34,0.6240000000000001,0.6080000000000001,
38,35,0.6279999999999999,0.6519999999999999,
38,36,0.6299999999999999,0.688,
38,37,0.6319999999999999,0.728,
38,38,0.6339999999999999,0.762,
38,39,0.6379999999999999,0.792,
38,40,0.6379999999999999,0.8200000000000001,
38,41,0.6419999999999999,0.8460000000000001,
38,42,0.6439999999999999,0.8680000000000001,
38,43,0.6484417525480761,0.89011223253907,
38,44,0.6479999999999999,0.902,
39,0,0.6779999999999999,-0.904,
39,1,0.6792540415071697,-0.8939269070238971,
39,2,0.6759999999999999,-0.872,
39,3,0.6719999999999999,-0.848,
39,4,0.6699999999999999,-0.8260000000000001,
39,5,0.6659999999999999,-0.794,
39,6,0.6639999999999999,-0.768,
39,7,0.6639999999999999,-0.73,
39,8,0.6619999999999999,-0.692,
39,9,0.6599999999999999,-0.6579999999999999,
39,10,0.6599999999999999,-0.618,
39,11,0.6579999999999999,-0.5700000000000001,
39,12,0.6559999999999999,-0.526,
39,13,0.6559999999999999,-0.482,
39,14,0.6559999999999999,-0.426,
39,15,0.6559999999999999,-0.382,
39,16,0.6559999999999999,-0.3279999999999999,
39,17,0.6539999999999999,-0.274,
39,18,0.6539999999999999,-0.2239999999999999,
39,19,0.6539999999999999,-0.17,
39,20,0.6519999999999999,-0.1139999999999999,
39,21,0.6499999999999999,-0.0739999999999999,
39,22,0.6499999999999999,-0.004,
39,23,0.6479999999999999,0.052,
39,24,0.6479999999999999,0.1,
39,25,0.6479999999999999,0.1619999999999999,
39,26,0.6499999999999999,0.2119999999999999,
39,27,0.6499999999999999,0.266,
39,28,0.6479999999999999,0.322,
39,29,0.6499999999999999,0.3740000000000001,
39,30,0.6499999999999999,0.4199999999999999,
39,31,0.6499999999999999,0.47,
39,32,0.6499999999999999,0.522,
39,33,0.6519999999999999,0.5660000000000001,
39,34,0.6559999999999999,0.6120000000000001,
39,35,0.6559999999999999,0.6519999999999999,
39,36,0.6579999999999999,0.688,
39,37,0.6619999999999999,0.73,
39,38,0.6639999999999999,0.762,
39,39,0.6659999999999999,0.79,
39,40,0.6659999999999999,0.8200000000000001,
39,41,0.6679999999999999,0.8460000000000001,
39,42,0.6719999999999999,0.8660000000000001,
39,43,0.6770418813713157,0.8909534127985771,
39,44,0.6759999999999999,0.902,
40,0,0.714,-0.904,
40,1,0.7141497961720029,-0.8928476568796239,
40,2,0.71,-0.872,
40,3,0.706,-0.85,
40,4,0.704,-0.8260000000000001,
40,5,0.7,-0.794,
40,6,0.694,-0.764,
40,7,0.694,-0.732,
40,8,0.692,-0.694,
40,9,0.694,-0.6579999999999999,
40,10,0.692,-0.616,
40,11,0.69,-0.5720000000000001,
40,12,0.69,-0.526,
40,13,0.69,-0.484,
40,14,0.688,-0.424,
40,15,0.6859999999999999,-0.382,
40,16,0.6859999999999999,-0.3279999999999999,
40,17,0.6839999999999999,-0.274,
40,18,0.6819999999999999,-0.2219999999999999,
40,19,0.6859999999999999,-0.172,
40,20,0.69,-0.1139999999999999,
40,21,0.6859999999999999,-0.0719999999999999,
40,22,0.6859999999999999,-0.004,
40,23,0.6839999999999999,0.052,
40,24,0.688,0.102,
40,25,0.6859999999999999,0.1619999999999999,
40,26,0.6859999999999999,0.2139999999999999,
40,27,0.6839999999999999,0.268,
40,28,0.6859999999999999,0.322,
40,29,0.6839999999999999,0.3740000000000001,
40,30,0.6859999999999999,0.4199999999999999,
40,31,0.6859999999999999,0.47,
40,32,0.6859999999999999,0.522,
40,33,0.688,0.5660000000000001,
40,34,0.688,0.6100000000000001,
40,35,0.69,0.6519999999999999,
40,36,0.692,0.688,
40,37,0.696,0.732,
40,38,0.698,0.762,
40,39,0.7,0.792,
40,40,0.702,0.8200000000000001,
40,41,0.704,0.8440000000000001,
40,42,0.706,0.8660000000000001,
40,43,0.7118106654309403,0.8898318391192344,
40,44,0.712,0.902,
41,0,0.7422102999231059,-0.9057986586109021,
41,1,0.7411310497788327,-0.8932074069277149,
41,2,0.736,-0.87,
41,3,0.734,-0.85,
41,4,0.73,-0.8240000000000001,
41,5,0.728,-0.794,
41,6,0.726,-0.766,
41,7,0.722,-0.73,
41,8,0.722,-0.688,
41,9,0.72,-0.656,
41,10,0.722,-0.618,
41,11,0.718,-0.5700000000000001,
41,12,0.716,-0.53,
41,13,0.716,-0.48,
41,14,0.714,-0.426,
41,15,0.714,-0.384,
41,16,0.716,-0.3299999999999999,
41,17,0.716,-0.274,
41,18,0.716,-0.2199999999999999,
41,19,0.712,-0.168,
41,20,0.71,-0.1119999999999999,
41,21,0.712,-0.0719999999999999,
41,22,0.712,0.002,
41,23,0.712,0.052,
41,24,0.716,0.102,
41,25,0.712,0.1619999999999999,
41,26,0.714,0.2159999999999999,
41,27,0.714,0.262,
41,28,0.714,0.32,
41,29,0.716,0.3779999999999999,
41,30,0.714,0.4199999999999999,
41,31,0.714,0.47,
41,32,0.716,0.522,
41,33,0.716,0.5640000000000001,
41,34,0.716,0.6100000000000001,
41,35,0.72,0.6539999999999999,
41,36,0.72,0.69,
41,37,0.722,0.728,
41,38,0.726,0.764,
41,39,0.728,0.792,
41,40,0.73,0.8220000000000001,
41,41,0.734,0.8460000000000001,
41,42,0.736,0.8660000000000001,
41,43,0.7387284337351658,0.8909534127985771,
41,44,0.738,0.8999999999999999,
42,0,0.764,-0.906,
42,1,0.765234303000934,-0.8950061571681702,
42,2,0.762,-0.874,
42,3,0.758,-0.848,
42,4,0.756,-0.8260000000000001,
42,5,0.752,-0.792,
42,6,0.752,-0.764,
42,7,0.75,-0.734,
42,8,0.746,-0.69,
42,9,0.744,-0.656,
42,10,0.744,-0.612,
42,11,0.74,-0.5700000000000001,
42,12,0.74,-0.528,
42,13,0.74,-0.482,
42,14,0.74,-0.424,
42,15,0.74,-0.382,
42,16,0.74,-0.3299999999999999,
42,17,0.74,-0.272,
42,18,0.74,-0.2219999999999999,
42,19,0.74,-0.168,
42,20,0.74,-0.1119999999999999,
42,21,0.742,-0.0679999999999999,
42,22,0.738,0.0,
42,23,0.734,0.054,
42,24,0.738,0.102,
42,25,0.74,0.1599999999999999,
42,26,0.74,0.2139999999999999,
42,27,0.74,0.262,
42,28,0.74,0.32,
42,29,0.738,0.3759999999999999,
42,30,0.74,0.4159999999999999,
42,31,0.74,0.474,
42,32,0.74,0.522,
42,33,0.742,0.5640000000000001,
42,34,0.744,0.6120000000000001,
42,35,0.746,0.6519999999999999,
42,36,0.746,0.688,
42,37,0.748,0.73,
42,38,0.752,0.762,
42,39,0.752,0.79,
42,40,0.756,0.8220000000000001,
42,41,0.756,0.8500000000000001,
42,42,0.758,0.8640000000000001,
42,43,0.762,0.8899999999999999,
42,44,0.7662069888790628,0.9032907232713472,
43,0,0.794,-0.906,
43,1,0.7936545568001281,-0.8950061571681702,
43,2,0.79,-0.872,
43,3,0.786,-0.848,
43,4,0.784,-0.8220000000000001,
43,5,0.782,-0.794,
43,6,0.778,-0.762,
43,7,0.778,-0.734,
43,8,0.774,-0.688,
43,9,0.772,-0.654,
43,10,0.77,-0.614,
43,11,0.768,-0.5680000000000001,
43,12,0.772,-0.526,
43,13,0.77,-0.484,
43,14,0.77,-0.422,
43,15,0.77,-0.384,
43,16,0.768,-0.3279999999999999,
43,17,0.768,-0.27,
43,18,0.77,-0.2219999999999999,
43,19,0.77,-0.17,
43,20,0.768,-0.1119999999999999,
43,21,0.766,-0.0659999999999999,
43,22,0.7636113764705154,0.0008770635838321328,
43,23,0.763255717462545,0.05564855081127161,
43,24,0.7650340125023969,0.10117290383148102,
43,25,0.764,0.1599999999999999,
43,26,0.768,0.2159999999999999,
43,27,0.764,0.26,
43,28,0.77,0.322,
43,29,0.768,0.3759999999999999,
43,30,0.768,0.4199999999999999,
43,31,0.768,0.474,
43,32,0.77,0.52,
43,33,0.77,0.5660000000000001,
43,34,0.77,0.6080000000000001,
43,35,0.772,0.6539999999999999,
43,36,0.774,0.688,
43,37,0.776,0.728,
43,38,0.778,0.762,
43,39,0.78,0.788,
43,40,0.782,0.8220000000000001,
43,41,0.786,0.8460000000000001,
43,42,0.788,0.8680000000000001,
43,43,0.792,0.8899999999999999,
43,44,0.794246330862631,0.9030103298515115,
44,0,0.813067586909886,-0.9079558116507329,
44,1,0.810203059012317,-0.8950061571681702,
44,2,0.808,-0.87,
44,3,0.802,-0.846,
44,4,0.8,-0.8200000000000001,
44,5,0.8,-0.792,
44,6,0.798,-0.76,
44,7,0.796,-0.73,
44,8,0.792,-0.692,
44,9,0.792,-0.6579999999999999,
44,10,0.79,-0.614,
44,11,0.792,-0.5680000000000001,
44,12,0.7935683328823065,-0.5248315797384794,
44,13,0.7935683328823065,-0.47897222304398723,
44,14,0.7921239436950784,-0.4211966555548632,
44,15,0.7899573599142363,-0.3818370502028975,
44,16,0.7877961890125017,-0.32704054176486375,
44,17,0.7863735529806202,-0.2704907594975724,
44,18,0.7867292119885905,-0.22105415738968873,
44,19,0.7853065759567089,-0.16948360123398276,
44,20,0.7856622349646794,-0.10937722888698753,
44,21,0.7845952579407681,-0.06563117090663004,
44,22,0.7845952579407681,0.0022996996157136906,
44,23,0.7849509169487385,0.05493723279533082,
44,24,0.7838839399248273,0.10046158581554022,
44,25,0.7831726219088866,0.1591453221306539,
44,26,0.7853065759567088,0.21462812737403414,
44,27,0.7856622349646792,0.2619307754340955,
44,28,0.7881518480204719,0.3220371477810907,
44,29,0.7877961890125016,0.3789425890563525,
44,30,0.78637355298062,0.4237556240606211,
44,31,0.7881518480204719,0.4760374982322679,
44,32,0.7902858020682942,0.5219175102604476,
44,33,0.7931310741320573,0.5656635682408052,
44,34,0.79,0.6120000000000001,
44,35,0.792,0.6539999999999999,
44,36,0.794,0.688,
44,37,0.798,0.73,
44,38,0.798,0.762,
44,39,0.798,0.788,
44,40,0.802,0.8220000000000001,
44,41,0.804,0.8460000000000001,
44,42,0.806,0.8660000000000001,
44,43,0.811069936052772,0.8903926259589058,
44,44,0.812,0.8999999999999999,
